nodeId:ID,location,centroid,lng,lat,:LABEL
南京_丁家庄南地铁站_10,"[[118.8436835, 32.1096993], [118.851656, 32.107088], [118.8591295, 32.1057337], [118.8613814, 32.1073798], [118.8626066, 32.1118981], [118.854253, 32.1196598], [118.851207, 32.1197017], [118.8458593, 32.1189016], [118.8457275, 32.1188287], [118.8436976, 32.1098156], [118.8436835, 32.1096993]]","(118.85292300155369, 32.112643179528035)",118.85292300155369,32.112643179528035,staion_isochrone
南京_丁家庄南地铁站_5,"[[118.8478853, 32.1107589], [118.851656, 32.107088], [118.8578968, 32.1099709], [118.8601842, 32.1111537], [118.8582335, 32.1145853], [118.8576533, 32.1153285], [118.8559391, 32.116506], [118.8539570430963, 32.116028401894354], [118.8485488, 32.1162061], [118.848417, 32.1161248], [118.8478853, 32.1107589]]","(118.85337713449019, 32.11227358589618)",118.85337713449019,32.11227358589618,staion_isochrone
南京_丁家庄地铁站_10,"[[118.838637, 32.1177681], [118.8387224, 32.1150805], [118.8396332, 32.1077486], [118.8412051, 32.1074355], [118.851656, 32.107088], [118.8549056, 32.1097182], [118.8550214, 32.1125892], [118.8550983, 32.1158989], [118.8550345, 32.115993], [118.8527865, 32.1187855], [118.850716, 32.1214652], [118.850627, 32.1215774], [118.8452429, 32.1229462], [118.8403188, 32.1238575], [118.838637, 32.1177681]]","(118.84640141122497, 32.11476632023966)",118.84640141122497,32.11476632023966,staion_isochrone
南京_丁家庄地铁站_5,"[[118.8415829, 32.1126079], [118.8436835, 32.1096993], [118.8497459, 32.1090346], [118.8514605, 32.1130832], [118.8514258, 32.1132435], [118.84951958488766, 32.115206431140706], [118.8492876, 32.1185621], [118.844482, 32.1203338], [118.8407435, 32.1212445], [118.8406092, 32.1211834], [118.8400405, 32.1208598], [118.838637, 32.1177681], [118.8387224, 32.1150805], [118.8415829, 32.1126079]]","(118.84489877356502, 32.11508726942095)",118.84489877356502,32.11508726942095,staion_isochrone
南京_万寿地铁站_10,"[[118.8257434, 32.1143751], [118.8291786, 32.1138189], [118.8344657, 32.1175317], [118.8383182, 32.1220131], [118.8371861, 32.1257135], [118.8301222, 32.1311539], [118.8299735, 32.131093], [118.8191959, 32.124601], [118.8169382, 32.1190773], [118.8169562, 32.1189348], [118.8171628, 32.1178622], [118.8175799, 32.1174147], [118.8217275, 32.1157955], [118.8257434, 32.1143751]]","(118.82780048031493, 32.12190714983279)",118.82780048031493,32.12190714983279,staion_isochrone
南京_万寿地铁站_5,"[[118.8255689, 32.1163822], [118.8276487, 32.1158249], [118.8292222, 32.1161532], [118.8382403, 32.1221651], [118.83625219157486, 32.12314236375684], [118.8369098, 32.1240328], [118.8295137, 32.1264547], [118.826476, 32.1263701], [118.8231816, 32.1226033], [118.8203865, 32.1190281], [118.8203914, 32.1184449], [118.8255689, 32.1163822]]","(118.82884117360916, 32.12125673887232)",118.82884117360916,32.12125673887232,staion_isochrone
南京_三山街地铁站_10,"[[118.7655236, 32.0199663], [118.7692362, 32.0159271], [118.7719345, 32.0133296], [118.776941, 32.0137683], [118.7780184, 32.01394], [118.7787365, 32.0141207], [118.7795981, 32.0143954], [118.7806473, 32.0150438], [118.7834503, 32.0174537], [118.7879854, 32.0225326], [118.7878599, 32.0255516], [118.7878142, 32.0257172], [118.7869153, 32.0276296], [118.7851643, 32.0293517], [118.7832527, 32.0329147], [118.7803, 32.0355473], [118.7793743, 32.0356521], [118.7780041, 32.0356889], [118.7663715, 32.031867], [118.7661436, 32.0314184], [118.76596299315783, 32.026054287131785], [118.7652752, 32.023541], [118.7648369, 32.0210559], [118.7655236, 32.0199663]]","(118.77606777930211, 32.0244906199345)",118.77606777930211,32.0244906199345,staion_isochrone
南京_三山街地铁站_5,"[[118.7695067, 32.0199035], [118.7725757, 32.0166243], [118.7729021, 32.0164821], [118.7765453, 32.016568], [118.777096, 32.0166009], [118.7780303, 32.0171045], [118.78010007771042, 32.01874725226009], [118.7833994, 32.0203576], [118.7838974, 32.021862], [118.7841989, 32.0233444], [118.7839756, 32.0246644], [118.7838493, 32.0252299], [118.78246426290232, 32.0267256769753], [118.7822687, 32.0285523], [118.781029, 32.0305851], [118.7788861, 32.032764], [118.7747528, 32.0315074], [118.7727189, 32.0306568], [118.769876, 32.0288531], [118.76987305697429, 32.02838914914929], [118.7688907, 32.0280071], [118.7682752, 32.0235741], [118.7695067, 32.0199035]]","(118.77608518504948, 32.02428730251783)",118.77608518504948,32.02428730251783,staion_isochrone
南京_上元门地铁站_10,"[[118.7544101, 32.110723], [118.7602669, 32.1091964], [118.76529120293905, 32.110018699199], [118.7684622, 32.1100685], [118.7731022, 32.1119681], [118.7733891, 32.1121154], [118.7736958, 32.1131855], [118.773611, 32.117224], [118.7734581, 32.1232263], [118.7623625, 32.1205282], [118.7546432, 32.1130403], [118.753788, 32.1120671], [118.7544101, 32.110723]]","(118.76535402650362, 32.11538304293188)",118.76535402650362,32.11538304293188,staion_isochrone
南京_上元门地铁站_5,"[[118.7599003, 32.1148579], [118.7716125, 32.1129441], [118.7719848, 32.1132259], [118.7720776, 32.1136538], [118.7702052, 32.1198234], [118.7623625, 32.1205282], [118.75813, 32.1160209], [118.7599003, 32.1148579]]","(118.76570719886392, 32.11680241815593)",118.76570719886392,32.11680241815593,staion_isochrone
南京_上海路地铁站_10,"[[118.767544, 32.0341978], [118.7696796, 32.0344034], [118.774835, 32.0363241], [118.7772579, 32.0372508], [118.7806789, 32.0397393], [118.7823876, 32.0411106], [118.7841616, 32.0434022], [118.7842032, 32.0434933], [118.7830931, 32.0450039], [118.7788327, 32.050518], [118.7785911, 32.0508061], [118.7765042, 32.0521761], [118.7758349, 32.0525046], [118.7749227, 32.0529487], [118.7732076, 32.053748], [118.7720734, 32.0538432], [118.7689709, 32.0530657], [118.7584751, 32.0464601], [118.758435, 32.0431681], [118.7588364, 32.0414622], [118.767544, 32.0341978]]","(118.77088952311574, 32.04403136574243)",118.77088952311574,32.04403136574243,staion_isochrone
南京_上海路地铁站_5,"[[118.7630626, 32.0428363], [118.769394, 32.0385598], [118.7730305, 32.0387597], [118.7745466, 32.0395654], [118.778285, 32.042017], [118.7793057, 32.0429626], [118.7797233, 32.0435646], [118.7797349, 32.0436762], [118.7792925, 32.0452444], [118.778844, 32.046075], [118.7766633, 32.048915], [118.7757564, 32.0496665], [118.7753261, 32.0500208], [118.7726202, 32.0506033], [118.7723052, 32.0505691], [118.7674555, 32.048771], [118.76272804500289, 32.045347005973035], [118.76133, 32.0445847], [118.7630626, 32.0428363]]","(118.77129206620207, 32.04448846874252)",118.77129206620207,32.04448846874252,staion_isochrone
南京_下马坊地铁站_10,"[[118.8512806, 32.0436388], [118.85041605328588, 32.04387090224163], [118.8451442, 32.0496849], [118.8448768, 32.0499076], [118.8439551, 32.0503103], [118.8401359, 32.0488226], [118.8367873, 32.046758], [118.83467396175958, 32.045234598014375], [118.833045, 32.044548], [118.8314858, 32.0438869], [118.8296463, 32.042187], [118.8296571, 32.0420624], [118.8357639, 32.033628], [118.8376635, 32.0315587], [118.8381097, 32.0312285], [118.84283477205504, 32.030413797624746], [118.8455963, 32.0290005], [118.8459982, 32.0290133], [118.8502282, 32.0311241], [118.8566361, 32.0379843], [118.85340209878069, 32.04095524848855], [118.8512806, 32.0436388]]","(118.84313466264831, 32.03931619287483)",118.84313466264831,32.03931619287483,staion_isochrone
南京_下马坊地铁站_5,"[[118.841015, 32.0335984], [118.8421887, 32.0335462], [118.8454268, 32.0327101], [118.8457581, 32.0327271], [118.8478777, 32.0335899], [118.8489692, 32.0343633], [118.8526238, 32.0370814], [118.8525325, 32.0374311], [118.8525028, 32.0375378], [118.8523396, 32.0377656], [118.843556, 32.0457126], [118.8428107, 32.0461767], [118.839659, 32.0451514], [118.8360867, 32.0418628], [118.835124, 32.0411027], [118.8374788, 32.036971], [118.8380479, 32.0361489], [118.8399776, 32.0337998], [118.841015, 32.0335984]]","(118.84344766749584, 32.0390057084713)",118.84344766749584,32.0390057084713,staion_isochrone
南京_东大九龙湖校区地铁站_10,"[[118.813333, 31.8960132], [118.8135502, 31.8956779], [118.8154273, 31.8931151], [118.8198425, 31.889836], [118.8215097, 31.8886539], [118.8237439, 31.8871509], [118.825116, 31.886762], [118.8359551, 31.8972448], [118.8359425, 31.8976733], [118.8358122, 31.90036], [118.8316064, 31.9032393], [118.8280593, 31.9075888], [118.8248858, 31.9103261], [118.8222228, 31.9072056], [118.81795753807192, 31.90244779558103], [118.8166906, 31.9015776], [118.8145303, 31.8984689], [118.813333, 31.8960132]]","(118.82471112479695, 31.897943582150177)",118.82471112479695,31.897943582150177,staion_isochrone
南京_东大九龙湖校区地铁站_5,"[[118.8217852, 31.8920609], [118.823289, 31.8910288], [118.823574, 31.8910375], [118.8250039, 31.8913821], [118.8312281, 31.8969403], [118.8315289, 31.9000712], [118.8282185, 31.9030319], [118.8252418, 31.9049358], [118.8250405, 31.904924], [118.8231852, 31.9047919], [118.82039875093527, 31.90043997383842], [118.8201375, 31.9001876], [118.8199275, 31.8999761], [118.8182253, 31.8981879], [118.8178956, 31.8963163], [118.8183351, 31.8948966], [118.8186827, 31.8944769], [118.8217852, 31.8920609]]","(118.82466787801498, 31.897956218730457)",118.82466787801498,31.897956218730457,staion_isochrone
南京_东大成贤学院地铁站_10,"[[118.6909662, 32.1594265], [118.691753, 32.1584256], [118.6996365, 32.1509921], [118.701739, 32.1490311], [118.7070153, 32.1484777], [118.7123973, 32.1526236], [118.7156175, 32.1553773], [118.71347072978666, 32.15830173941479], [118.7096857, 32.164863], [118.7079647, 32.166703], [118.7048721, 32.1698185], [118.7047919, 32.1698209], [118.6999339, 32.1677564], [118.695604, 32.1655835], [118.6929956, 32.1634159], [118.6909736, 32.1596587], [118.6909662, 32.1594265]]","(118.70332944367652, 32.15875484191162)",118.70332944367652,32.15875484191162,staion_isochrone
南京_东大成贤学院地铁站_5,"[[118.6964217, 32.1567849], [118.6989516, 32.154444], [118.7021395, 32.1520437], [118.7057276, 32.1526468], [118.7108784, 32.1562422], [118.7086046320641, 32.159247334643254], [118.7084527, 32.1613304], [118.7043269, 32.1661958], [118.7042242, 32.1662089], [118.7018573, 32.1652957], [118.6988765, 32.162015], [118.6964217, 32.1567849]]","(118.70345917248174, 32.1585329034304)",118.70345917248174,32.1585329034304,staion_isochrone
南京_东山地铁站_10,"[[118.8290926, 31.9501385], [118.8405896, 31.9447974], [118.8470779, 31.9488927], [118.8502461, 31.9561412], [118.8489875, 31.9587606], [118.846507, 31.9625697], [118.84141416567084, 31.963947721150095], [118.8396207, 31.9651761], [118.8373478, 31.965048], [118.8304508, 31.9622223], [118.8286843, 31.9607845], [118.8267664, 31.9528533], [118.8290926, 31.9501385]]","(118.83856427779119, 31.955398352259955)",118.83856427779119,31.955398352259955,staion_isochrone
南京_东山地铁站_5,"[[118.8466, 31.9580275], [118.8465396, 31.9581709], [118.8375811, 31.9621265], [118.8340636, 31.9615635], [118.8305774, 31.9534359], [118.8301348, 31.9527018], [118.8403698, 31.9495375], [118.8441673, 31.9521615], [118.8470212, 31.9568074], [118.8466, 31.9580275]]","(118.8385539733684, 31.955820998361087)",118.8385539733684,31.955820998361087,staion_isochrone
南京_东山香樟园地铁站_10,"[[118.834915, 31.970666], [118.8333847, 31.9663521], [118.8334265, 31.9661011], [118.8387567, 31.9694844], [118.8414786, 31.9737843], [118.8442692, 31.9753728], [118.8440973, 31.9789419], [118.843604, 31.979252], [118.8369998, 31.9819524], [118.834915, 31.970666]]","(118.83880547073618, 31.974949680318463)",118.83880547073618,31.974949680318463,staion_isochrone
南京_东山香樟园地铁站_5,"[[118.840232, 31.9751844], [118.8394544, 31.9790345], [118.834915, 31.970666], [118.8402266, 31.9730832], [118.840232, 31.9751844]]","(118.83828214146934, 31.974332170431026)",118.83828214146934,31.974332170431026,staion_isochrone
南京_东流地铁站_10,"[[118.9531192, 32.0864806], [118.9494092, 32.0821832], [118.9575349, 32.0695357], [118.960028, 32.0790383], [118.9610861, 32.0837964], [118.9592381, 32.0864099], [118.9549748, 32.0864758], [118.9531192, 32.0864806]]","(118.95587513787682, 32.08012334937505)",118.95587513787682,32.08012334937505,staion_isochrone
南京_东流地铁站_5,"[[118.957437, 32.0798497], [118.9587052, 32.0793247], [118.960028, 32.0790383], [118.9601326, 32.0795088], [118.9600307, 32.079652], [118.957285, 32.0830427], [118.955728, 32.0827217], [118.9544807, 32.0824452], [118.957437, 32.0798497]]","(118.95747010754724, 32.08114759290768)",118.95747010754724,32.08114759290768,staion_isochrone
南京_东郊小镇地铁站_10,"[[118.9352271, 32.0547618], [118.9515843, 32.0536997], [118.9531423, 32.0537392], [118.9539981, 32.053886], [118.9589542, 32.0555709], [118.9588183, 32.0558616], [118.9564271, 32.0577412], [118.9545401, 32.0589324], [118.9454996, 32.0632924], [118.9421057, 32.0639115], [118.9352271, 32.0547618]]","(118.94654149349213, 32.057796986375145)",118.94654149349213,32.057796986375145,staion_isochrone
南京_东郊小镇地铁站_5,"[[118.9435612, 32.0543969], [118.9515843, 32.0536997], [118.9531423, 32.0537392], [118.9539981, 32.053886], [118.9537339, 32.0552517], [118.9534649, 32.0559872], [118.9474797, 32.0609653], [118.9445603, 32.0615226], [118.9440059, 32.0608367], [118.9396276, 32.0553191], [118.9435612, 32.0543969]]","(118.94689205283409, 32.0569410163225)",118.94689205283409,32.0569410163225,staion_isochrone
南京_中华门地铁站_10,"[[118.7615169, 32.0061271], [118.7619825, 31.9996436], [118.76438965284113, 32.00002780218076], [118.7672061, 31.9996661], [118.7682325, 31.9995989], [118.7697425, 31.9996305], [118.770476, 31.9999144], [118.77332479527581, 32.00373742215664], [118.7749376, 32.004781], [118.7767146, 32.0062119], [118.7766457, 32.0077392], [118.77639624953454, 32.00929994069773], [118.7772342, 32.012497], [118.7775462, 32.0150253], [118.777096, 32.0166009], [118.7762599, 32.0185772], [118.7753273, 32.0198399], [118.7749994, 32.0202334], [118.7733479, 32.0205499], [118.7720128, 32.0190746], [118.76811300820972, 32.01426390685271], [118.7646556, 32.011304], [118.762164, 32.0075308], [118.7615169, 32.0061271]]","(118.76997098467574, 32.008821260491295)",118.76997098467574,32.008821260491295,staion_isochrone
南京_中华门地铁站_5,"[[118.7642197, 32.0033955], [118.7645013, 32.0033291], [118.771075, 32.0031547], [118.77156278285612, 32.006612789549095], [118.7722673, 32.0069404], [118.77232510378192, 32.01201719028503], [118.7729832, 32.0166827], [118.7725757, 32.0166243], [118.7661311, 32.0067329], [118.7642197, 32.0033955]]","(118.76948385621792, 32.00799383258951)",118.76948385621792,32.00799383258951,staion_isochrone
南京_中国药科大学地铁站_10,"[[118.9019299, 31.8954006], [118.9188434, 31.8927676], [118.9189571, 31.8928206], [118.9170706, 31.9058563], [118.9159118, 31.907767], [118.9156924, 31.9079328], [118.9120379, 31.9093234], [118.9096349, 31.9097745], [118.9057226, 31.9090383], [118.9003395, 31.9061051], [118.8984226, 31.9019426], [118.898068, 31.9007987], [118.8991117, 31.8983513], [118.9005298, 31.8961097], [118.9019299, 31.8954006]]","(118.90904141685543, 31.901222537849975)",118.90904141685543,31.901222537849975,staion_isochrone
南京_中国药科大学地铁站_5,"[[118.9052578, 31.8987895], [118.9150392, 31.8964467], [118.9151524, 31.8965557], [118.9157914, 31.8973899], [118.9151604, 31.9015067], [118.914291, 31.9035183], [118.9131948, 31.9059597], [118.9122116, 31.9061568], [118.9103428, 31.9063646], [118.9089936, 31.9064078], [118.9081849, 31.9063498], [118.9047385, 31.9037283], [118.9023738, 31.9016034], [118.9030332, 31.9009152], [118.9052578, 31.8987895]]","(118.90987906622314, 31.901531516782207)",118.90987906622314,31.901531516782207,staion_isochrone
南京_中山湖地铁站_10,"[[119.0306539, 31.6501098], [119.0304953, 31.644167], [119.0402454, 31.6391019], [119.0438814, 31.6391172], [119.0535055, 31.6476017], [119.053491, 31.6478071], [119.04793049380464, 31.65178580976333], [119.0426752, 31.657831], [119.0359995, 31.6577929], [119.0315051, 31.6535978], [119.0306633, 31.6501869], [119.0306539, 31.6501098]]","(119.04046713173464, 31.648427394658636)",119.04046713173464,31.648427394658636,staion_isochrone
南京_中山湖地铁站_5,"[[119.0425566, 31.6446731], [119.0486174, 31.6467094], [119.0462258227124, 31.648507100500517], [119.04622582271239, 31.648507100500527], [119.0430948, 31.653463], [119.0357175, 31.6536235], [119.0355354, 31.6496352], [119.0359082, 31.6443152], [119.040034, 31.6444596], [119.0425566, 31.6446731]]","(119.04062382773272, 31.648826944906872)",119.04062382773272,31.648826944906872,staion_isochrone
南京_中胜地铁站_10,"[[118.7176999, 31.9933162], [118.7176452, 31.9894148], [118.7177384, 31.9856313], [118.7197356, 31.98123], [118.7198303, 31.9811558], [118.7260073, 31.9814548], [118.7314233, 31.9811563], [118.7389623, 31.9830488], [118.739258, 31.9875605], [118.739077, 31.989981], [118.7381244, 31.9941947], [118.7362332, 31.9970103], [118.7355113, 31.9982992], [118.735331, 31.9983956], [118.7320128, 31.9985009], [118.7288768, 31.9984889], [118.7198341, 31.9971404], [118.7186631, 31.9969484], [118.7184822, 31.9967493], [118.7183761, 31.996517], [118.71867825563795, 31.994504101409852], [118.7176999, 31.9933162]]","(118.72829403151421, 31.98964283086465)",118.72829403151421,31.98964283086465,staion_isochrone
南京_中胜地铁站_5,"[[118.7218428, 31.990633], [118.7237118, 31.9855153], [118.7237975, 31.9853808], [118.7258996, 31.9839917], [118.7348203, 31.9842071], [118.7360982, 31.9857803], [118.7344791, 31.9938039], [118.7336332, 31.9946654], [118.7332444, 31.9949102], [118.7259605, 31.9952052], [118.7222038, 31.9943148], [118.7220586, 31.9941389], [118.7218428, 31.990633]]","(118.72893389610674, 31.989605187367896)",118.72893389610674,31.989605187367896,staion_isochrone
南京_临江·青奥体育公园地铁站_10,"[[118.669178, 32.0531204], [118.6705715, 32.0543862], [118.6719308, 32.0554313], [118.6718871, 32.0579579], [118.6702162, 32.0662327], [118.6695821, 32.0676543], [118.6587815, 32.0679104], [118.6541658, 32.0667706], [118.6511301, 32.0646251], [118.6503186, 32.0575698], [118.65261431483307, 32.055383884261616], [118.655552, 32.0501476], [118.65867863472782, 32.050689869937855], [118.6595221, 32.0503048], [118.6669352, 32.0523326], [118.669178, 32.0531204]]","(118.66125436828823, 32.059564952231135)",118.66125436828823,32.059564952231135,staion_isochrone
南京_临江·青奥体育公园地铁站_5,"[[118.6615155, 32.0533971], [118.6650929, 32.0576958], [118.6659631, 32.0646302], [118.6656967, 32.064962], [118.6570873, 32.0655785], [118.6566799, 32.0655273], [118.6536038, 32.063927], [118.652518, 32.0636859], [118.6530778, 32.061382], [118.6586924, 32.0548487], [118.659966, 32.0529392], [118.6615155, 32.0533971]]","(118.65991300127675, 32.06044588497946)",118.65991300127675,32.06044588497946,staion_isochrone
南京_九华山地铁站_10,"[[118.7926831, 32.0542489], [118.7994382, 32.0519096], [118.8019305, 32.0522193], [118.8058551, 32.0551439], [118.8108935, 32.0604079], [118.8109662, 32.0627772], [118.8043219, 32.0644482], [118.8032802, 32.0646054], [118.8014251, 32.0646457], [118.79792165031198, 32.06395119059284], [118.7964916, 32.0637766], [118.7900427, 32.0623893], [118.7885096, 32.0596855], [118.7884962, 32.0594674], [118.7891527, 32.057303], [118.789542, 32.0567585], [118.7899957, 32.0562134], [118.7903434, 32.0558128], [118.7918443, 32.0547696], [118.7926831, 32.0542489]]","(118.79954826471932, 32.05885550157918)",118.79954826471932,32.05885550157918,staion_isochrone
南京_九华山地铁站_5,"[[118.8021791, 32.0535103], [118.802555, 32.0534548], [118.8061034, 32.0560593], [118.8078823, 32.0594099], [118.8081689, 32.0608309], [118.8077682, 32.0612729], [118.8050739, 32.0627143], [118.8037094, 32.062987], [118.79704188216947, 32.06111075745214], [118.7913018, 32.0599576], [118.7913881, 32.0593764], [118.792361, 32.0583639], [118.7969505, 32.0552385], [118.8021791, 32.0535103]]","(118.80073509425146, 32.05849907191208)",118.80073509425146,32.05849907191208,staion_isochrone
南京_九龙湖南地铁站_10,"[[118.796236, 31.8897621], [118.80064630312384, 31.887997628193155], [118.8045427, 31.8852545], [118.8073615, 31.8846682], [118.8092155, 31.8847561], [118.8129809, 31.8883681], [118.8148125, 31.8906039], [118.81679, 31.8932204], [118.8183351, 31.8948966], [118.8182253, 31.8981879], [118.8171106, 31.8991804], [118.811556, 31.9025534], [118.8045796, 31.9044129], [118.8043559, 31.9044052], [118.8010841, 31.90372], [118.795926, 31.8957434], [118.795923, 31.8946424], [118.796236, 31.8897621]]","(118.80664627465886, 31.89479286690311)",118.80664627465886,31.89479286690311,staion_isochrone
南京_九龙湖南地铁站_5,"[[118.7999131, 31.8913915], [118.8039848, 31.8891535], [118.8071021, 31.887166], [118.8104011, 31.8908938], [118.8121009, 31.8929436], [118.8150225, 31.8961268], [118.814555, 31.8964227], [118.8042013, 31.9014751], [118.8040356, 31.9014779], [118.8022254, 31.9000004], [118.7991491, 31.8943159], [118.7964367, 31.89348], [118.7999131, 31.8913915]]","(118.80597134328764, 31.894517534395597)",118.80597134328764,31.894517534395597,staion_isochrone
南京_九龙湖地铁站_10,"[[118.8113481, 31.9115769], [118.8146257, 31.9084877], [118.8223073, 31.9111563], [118.825059, 31.9146148], [118.8272398, 31.9206447], [118.8186469, 31.9235173], [118.8152885, 31.9225296], [118.8040569, 31.9171709], [118.8044279, 31.9152931], [118.8113481, 31.9115769]]","(118.8164619093406, 31.916408183033028)",118.8164619093406,31.916408183033028,staion_isochrone
南京_九龙湖地铁站_5,"[[118.8123764, 31.9171738], [118.8133548, 31.9128481], [118.8188685, 31.9133646], [118.8216738, 31.9187216], [118.8214895, 31.9192701], [118.8214493, 31.9193386], [118.8121149, 31.9189337], [118.8123764, 31.9171738]]","(118.81655001307563, 31.91640429683789)",118.81655001307563,31.91640429683789,staion_isochrone
南京_云南路地铁站_10,"[[118.7565941, 32.0640409], [118.7590309, 32.0588344], [118.7629293, 32.0537997], [118.7693432, 32.051934], [118.7718747, 32.051597], [118.7741329, 32.0520581], [118.7758388, 32.0530011], [118.7761195, 32.0532056], [118.7763036, 32.053362], [118.7790245, 32.0558321], [118.7818988, 32.060135], [118.7818755, 32.0603691], [118.7769589, 32.0698195], [118.7752197, 32.0712761], [118.7669064, 32.0712905], [118.7617611, 32.0694184], [118.7590241, 32.0679902], [118.7565941, 32.0640409]]","(118.76943841159132, 32.06184386256766)",118.76943841159132,32.06184386256766,staion_isochrone
南京_云南路地铁站_5,"[[118.7735232, 32.0555518], [118.775236, 32.0567327], [118.7755327919528, 32.05751378227006], [118.7762906, 32.0580323], [118.7785393, 32.0599883], [118.7784847, 32.0605079], [118.7784725, 32.0605824], [118.7782827, 32.0613387], [118.7759266993214, 32.06404738259607], [118.7742875, 32.0666108], [118.7734845, 32.0677598], [118.772936, 32.0682834], [118.7654014, 32.0661971], [118.761846, 32.0656673], [118.7605453, 32.0632005], [118.7610871, 32.0612962], [118.7616281, 32.0600545], [118.7651757, 32.0567895], [118.7663631, 32.0557008], [118.7686072, 32.0548163], [118.7695679, 32.0545534], [118.77117581997221, 32.05519945236231], [118.7735232, 32.0555518]]","(118.76953255213535, 32.0614082579667)",118.76953255213535,32.0614082579667,staion_isochrone
南京_云锦路地铁站_10,"[[118.7341584, 32.0299846], [118.7439029, 32.0291611], [118.7472463, 32.0288196], [118.7512811, 32.031213], [118.7552084, 32.0340429], [118.7554124, 32.0353623], [118.7536867, 32.0386002], [118.7474862, 32.0455412], [118.7452203, 32.0472139], [118.7447671, 32.0475292], [118.7446181, 32.0476224], [118.7437869, 32.0480639], [118.7430211, 32.0482082], [118.73846069531254, 32.04575230480539], [118.7336878, 32.0439613], [118.7316395, 32.0417878], [118.728925, 32.0366454], [118.7288865, 32.0364071], [118.7300705, 32.0337972], [118.7341584, 32.0299846]]","(118.74198153593396, 32.03749229184884)",118.74198153593396,32.03749229184884,staion_isochrone
南京_云锦路地铁站_5,"[[118.7342747, 32.0337399], [118.7453714, 32.03221], [118.7492824, 32.0335682], [118.7509259, 32.0350118], [118.7509856, 32.0351749], [118.7484953, 32.0399559], [118.7424674, 32.0428401], [118.7384415, 32.043161], [118.7360911, 32.0415914], [118.73308970779547, 32.037040573186836], [118.7322757, 32.0364482], [118.7323218, 32.0361637], [118.7335692, 32.0343609], [118.7342747, 32.0337399]]","(118.74165746919165, 32.037317559701485)",118.74165746919165,32.037317559701485,staion_isochrone
南京_五塘广场地铁站_10,"[[118.7668375, 32.102617], [118.76954772375922, 32.10260142419641], [118.7787679, 32.1012787], [118.7803994, 32.1031538], [118.7819637, 32.115418], [118.7818881, 32.1156804], [118.7769544, 32.1175814], [118.771802, 32.1194082], [118.7702052, 32.1198234], [118.7623625, 32.1205282], [118.7626834, 32.1039719], [118.7630953, 32.1036852], [118.7668375, 32.102617]]","(118.77157709444681, 32.110788886871745)",118.77157709444681,32.110788886871745,staion_isochrone
南京_五塘广场地铁站_5,"[[118.7645793, 32.1062992], [118.7649104, 32.106049], [118.7685996, 32.1060046], [118.77252423977377, 32.10625906938131], [118.7764602, 32.1055689], [118.7766039, 32.1056279], [118.7771346, 32.1139341], [118.7769297, 32.1163777], [118.7734651, 32.1173104], [118.7647999, 32.1180915], [118.7640458, 32.1178445], [118.7643734480918, 32.11721054294415], [118.7653508, 32.1074513], [118.7645793, 32.1062992]]","(118.77075437741246, 32.111853747414216)",118.77075437741246,32.111853747414216,staion_isochrone
南京_仙新路地铁站_10,"[[118.8833433, 32.121382], [118.8857925, 32.1208336], [118.8923625, 32.1223343], [118.8942146, 32.1229686], [118.8987872, 32.1247795], [118.8993876, 32.1257106], [118.9002492, 32.1329422], [118.8879339, 32.1378363], [118.8861035, 32.1366212], [118.88518671356911, 32.13560085466011], [118.8834242, 32.135483], [118.8824413, 32.1350162], [118.8790779, 32.130161], [118.8782635, 32.1235859], [118.8783127, 32.1230936], [118.8786975, 32.1224701], [118.8833433, 32.121382]]","(118.88894887294876, 32.128805333074396)",118.88894887294876,32.128805333074396,staion_isochrone
南京_仙新路地铁站_5,"[[118.8818476, 32.1243657], [118.8819192, 32.1242753], [118.8945928, 32.1288304], [118.8933927, 32.1306357], [118.8913271, 32.1329159], [118.8908172, 32.1334787], [118.8832102, 32.1316517], [118.883179, 32.1315563], [118.8823836, 32.1289742], [118.8823539, 32.1288698], [118.8818476, 32.1243657]]","(118.88747104102217, 32.129237413789774)",118.88747104102217,32.129237413789774,staion_isochrone
南京_仙林中心地铁站_10,"[[118.9129186, 32.0989141], [118.9194433, 32.0924587], [118.9250436, 32.0926026], [118.9327771, 32.097681], [118.9356353, 32.1024399], [118.9366481, 32.1048255], [118.9355313, 32.1067429], [118.9310719, 32.1089559], [118.9284486, 32.1095157], [118.9261909, 32.1096049], [118.923936, 32.1095991], [118.9211803, 32.1088375], [118.9200391, 32.1081908], [118.9140637, 32.1031654], [118.9134778, 32.1025164], [118.9128359, 32.0999938], [118.9129186, 32.0989141]]","(118.92454894339748, 32.10141776988562)",118.92454894339748,32.10141776988562,staion_isochrone
南京_仙林中心地铁站_5,"[[118.9174339, 32.0959577], [118.9255135, 32.0943165], [118.9271797, 32.096021], [118.9273296, 32.0961864], [118.9334822, 32.104733], [118.933704, 32.105168], [118.9264583, 32.1059428], [118.9228596, 32.1066207], [118.9225226, 32.1065255], [118.9209454, 32.1059091], [118.9197976, 32.1049796], [118.9171509, 32.101746], [118.917257, 32.096218], [118.9174339, 32.0959577]]","(118.92422116316212, 32.10083928421105)",118.92422116316212,32.10083928421105,staion_isochrone
南京_仙林湖地铁站_10,"[[118.9821211, 32.1201924], [118.9878402, 32.1195304], [118.9955895, 32.1227993], [118.999255, 32.1266096], [118.9977403, 32.1315665], [118.9962933, 32.1326045], [118.9919243, 32.1344151], [118.9847256, 32.1360987], [118.98434106950245, 32.13593564520514], [118.9819269, 32.1372742], [118.9805236, 32.1371213], [118.9804381, 32.137102], [118.9781826, 32.1341607], [118.9768617, 32.1307163], [118.97699033736214, 32.12937872449083], [118.9743729, 32.1258252], [118.9787901, 32.1213992], [118.9821211, 32.1201924]]","(118.98660265768228, 32.12796416024861)",118.98660265768228,32.12796416024861,staion_isochrone
南京_仙林湖地铁站_5,"[[118.9807025, 32.1307828], [118.98063676059796, 32.12858166346966], [118.9794287, 32.126893], [118.9794727, 32.1256698], [118.9794872, 32.1254563], [118.9809212, 32.1236312], [118.9874803, 32.1213883], [118.9876157, 32.1214079], [118.9911881, 32.1225747], [118.9961586, 32.1284736], [118.9961487, 32.1287454], [118.9921688, 32.1315955], [118.9839045, 32.1329228], [118.9837054, 32.1328711], [118.9823225, 32.1322291], [118.980919, 32.1313819], [118.9807025, 32.1307828]]","(118.9871642359378, 32.12736191427599)",118.9871642359378,32.12736191427599,staion_isochrone
南京_仙鹤门地铁站_10,"[[118.9033544, 32.0768206], [118.9035425, 32.0767882], [118.9060469, 32.0791697], [118.9062216, 32.0797987], [118.90689714999583, 32.08232090245183], [118.9127161, 32.0935605], [118.9083627, 32.0945153], [118.89943667819168, 32.094775430973556], [118.8974216, 32.0950774], [118.8958756, 32.0951811], [118.8958016, 32.0951821], [118.8930016, 32.0950426], [118.8883206, 32.0861208], [118.8873553, 32.0834971], [118.8904595, 32.079352], [118.8908433, 32.0791793], [118.8976095, 32.0778403], [118.9033544, 32.0768206]]","(118.89945424584228, 32.08665443500686)",118.89945424584228,32.08665443500686,staion_isochrone
南京_仙鹤门地铁站_5,"[[118.8916888, 32.0819401], [118.9021247, 32.0801559], [118.9026931, 32.0803643], [118.90716789019108, 32.089758305124235], [118.9079182, 32.0907765], [118.9077611, 32.0909553], [118.90669821469548, 32.09095605632896], [118.89876, 32.0920407], [118.8951799, 32.0893738], [118.8912338, 32.0824815], [118.8916888, 32.0819401]]","(118.89960034455346, 32.08613376981732)",118.89960034455346,32.08613376981732,staion_isochrone
南京_信息工程大学地铁站_10,"[[118.7097398, 32.2021437], [118.7187529, 32.1941495], [118.72045640019924, 32.19642945579812], [118.7221956, 32.1966491], [118.7273702, 32.1994021], [118.7335781, 32.2038953], [118.733331, 32.204385], [118.7246436, 32.2139168], [118.7244367, 32.2140629], [118.7146882, 32.2094847], [118.7134257, 32.2088205], [118.7118057, 32.207551], [118.709685, 32.2055958], [118.7086976, 32.204287], [118.7084961, 32.2038111], [118.7091179, 32.2028145], [118.7097398, 32.2021437]]","(118.72086637119469, 32.20433885448078)",118.72086637119469,32.20433885448078,staion_isochrone
南京_信息工程大学地铁站_5,"[[118.7188965, 32.1996742], [118.7199782, 32.1994746], [118.7240083, 32.2011833], [118.7254175, 32.2036191], [118.7264545, 32.2068678], [118.7254686, 32.2100134], [118.7232935, 32.2105562], [118.7170358, 32.2098321], [118.7152751, 32.208344], [118.7137422, 32.206576], [118.7132391, 32.2056366], [118.7136698, 32.2049442], [118.7188965, 32.1996742]]","(118.72033798637457, 32.2054978607439)",118.72033798637457,32.2054978607439,staion_isochrone
南京_元通地铁站_10,"[[118.7242832, 31.9929411], [118.7260793, 31.9951317], [118.7258143, 32.001507], [118.7242933, 32.0068193], [118.7240112, 32.0069752], [118.72161682784439, 32.00651776404435], [118.7098985, 32.0053033], [118.705299, 32.0037989], [118.7053455, 32.0035895], [118.70718142063113, 31.996930759084105], [118.7085475, 31.9892146], [118.708833, 31.9889076], [118.7134268, 31.9885826], [118.7176452, 31.9894148], [118.7219982, 31.9905062], [118.7242832, 31.9929411]]","(118.7161165017006, 31.997971406833397)",118.7161165017006,31.997971406833397,staion_isochrone
南京_元通地铁站_5,"[[118.7098577, 32.0004019], [118.7112709, 31.9925964], [118.7119545, 31.9919811], [118.7129181, 31.9914801], [118.719936, 31.9918448], [118.72060450925183, 31.992567322884486], [118.7239278, 31.99292], [118.7216184, 32.0040021], [118.71972600294663, 32.00373452963472], [118.7195601, 32.0039525], [118.7160002, 32.0036994], [118.7137718, 32.002913], [118.7098454, 32.0005521], [118.709845, 32.0005173], [118.7098577, 32.0004019]]","(118.71685545160963, 31.99752350058704)",118.71685545160963,31.99752350058704,staion_isochrone
南京_八卦洲大桥南地铁站_10,"[[118.8254045, 32.1416318], [118.8282644, 32.1407363], [118.8370997, 32.1427648], [118.8399772, 32.1443117], [118.8435067, 32.1558981], [118.8419256, 32.1560044], [118.8385353, 32.1555684], [118.8375697, 32.1545965], [118.8254045, 32.1416318]]","(118.83573785398396, 32.147727054745026)",118.83573785398396,32.147727054745026,staion_isochrone
南京_八卦洲大桥南地铁站_5,"[[118.8386104, 32.1521985], [118.8313289, 32.1433425], [118.8377996, 32.1464874], [118.8408387, 32.1490782], [118.8426231, 32.1535156], [118.8399944, 32.152907], [118.8393078, 32.15258], [118.8386104, 32.1521985]]","(118.837830826737, 32.14886530952962)",118.837830826737,32.14886530952962,staion_isochrone
南京_八百桥地铁站_10,"[[118.9214099, 32.423003], [118.9214303, 32.4202743], [118.9255114, 32.4202864], [118.9293414, 32.4203091], [118.9307559, 32.421152], [118.9391574, 32.4270653], [118.93813651936439, 32.43178310183433], [118.9388918, 32.4365863], [118.9386983, 32.4366854], [118.9302109, 32.4404672], [118.9214027, 32.424], [118.9214099, 32.423003]]","(118.93069103217651, 32.42932054414433)",118.93069103217651,32.42932054414433,staion_isochrone
南京_八百桥地铁站_5,"[[118.9214027, 32.424], [118.9254869, 32.4230826], [118.92736595601977, 32.42421111845657], [118.9279045, 32.4233689], [118.929612, 32.423778], [118.9357524, 32.4304343], [118.936121, 32.434058], [118.9359732, 32.4341895], [118.9282098, 32.4297498], [118.9253059, 32.4274328], [118.9214027, 32.424]]","(118.92959593501561, 32.42778474645265)",118.92959593501561,32.42778474645265,staion_isochrone
南京_六合开发区地铁站_10,"[[118.8007341, 32.2994351], [118.8071929, 32.3038758], [118.8101255, 32.3065267], [118.8091468, 32.314842], [118.8044476, 32.3159705], [118.7921188, 32.3009446], [118.79238, 32.3007199], [118.8007341, 32.2994351]]","(118.80262623619588, 32.30697478299192)",118.80262623619588,32.30697478299192,staion_isochrone
南京_六合开发区地铁站_5,"[[118.7968761, 32.3024102], [118.8007029, 32.3028288], [118.8066007, 32.3036121], [118.8071929, 32.3038758], [118.8046319, 32.3108566], [118.8040724, 32.3113634], [118.8037782, 32.3115128], [118.8007987, 32.3089122], [118.7950049, 32.3035692], [118.7968761, 32.3024102]]","(118.80182722699867, 32.30597709669712)",118.80182722699867,32.30597709669712,staion_isochrone
南京_兰花塘地铁站_10,"[[118.562175, 31.9524612], [118.5629201, 31.9521689], [118.5632077, 31.9521986], [118.5687625, 31.9531178], [118.5693665, 31.953721], [118.5725066, 31.956907], [118.5777012, 31.9623098], [118.5767555, 31.9675264], [118.5762839, 31.9678342], [118.5603319, 31.9652878], [118.5602489, 31.9650044], [118.562175, 31.9524612]]","(118.56834483970438, 31.96067301028776)",118.56834483970438,31.96067301028776,staion_isochrone
南京_兰花塘地铁站_5,"[[118.5651669, 31.9551644], [118.5662342, 31.9548426], [118.5725066, 31.956907], [118.5726475, 31.9570696], [118.5765957, 31.9630238], [118.5746567, 31.9654604], [118.5735926, 31.9652953], [118.5629869, 31.9634501], [118.5629226, 31.9633405], [118.5641146, 31.9563552], [118.5643593, 31.9558019], [118.5646624, 31.9554212], [118.5648044, 31.9553489], [118.5651669, 31.9551644]]","(118.56924492772788, 31.96051080645057)",118.56924492772788,31.96051080645057,staion_isochrone
南京_兴隆大街地铁站_10,"[[118.7246171, 32.0071853], [118.7285249, 32.0070103], [118.7336851, 32.0081672], [118.7379287, 32.0096011], [118.738704, 32.0098795], [118.7393707, 32.0104728], [118.7409378, 32.0140437], [118.7421515, 32.0161118], [118.7404042, 32.0218591], [118.7366964, 32.0262201], [118.7343681, 32.0273677], [118.7336009, 32.0276256], [118.7335866, 32.0276291], [118.7278925, 32.0260472], [118.7228972, 32.0226865], [118.7216312, 32.0199394], [118.7205827, 32.0175657], [118.7216966, 32.0108166], [118.7242815, 32.0073874], [118.7246171, 32.0071853]]","(118.73108994464258, 32.016884507277126)",118.73108994464258,32.016884507277126,staion_isochrone
南京_兴隆大街地铁站_5,"[[118.7265053, 32.010621], [118.7269641, 32.0103357], [118.7344168, 32.0112239], [118.7372084, 32.0118056], [118.7373689, 32.0118746], [118.7383934, 32.012364], [118.7384844, 32.012509], [118.73786365151982, 32.01410610754386], [118.7385865, 32.0150489], [118.7357266, 32.0232297], [118.7356209, 32.0233732], [118.7335656, 32.0247371], [118.7332979, 32.024866], [118.7272769, 32.0221818], [118.7254995, 32.0185488], [118.7238437, 32.0162336], [118.7265053, 32.010621]]","(118.73147344457024, 32.0169176042665)",118.73147344457024,32.0169176042665,staion_isochrone
南京_凤凰山公园地铁站_10,"[[118.8349054, 32.3385853], [118.8352847, 32.3385252], [118.8380972, 32.3391337], [118.8390478967057, 32.339488287816806], [118.8426014, 32.3399192], [118.8444058, 32.3404347], [118.84594, 32.3409151], [118.8490573, 32.3428168], [118.8507145, 32.3446132], [118.848546, 32.3515515], [118.8441015, 32.3594557], [118.8390467, 32.3586299], [118.8307233, 32.3557429], [118.8307022, 32.3556737], [118.8306609, 32.3484734], [118.830818, 32.3450381], [118.8313483, 32.3438605], [118.8338325, 32.3390157], [118.8349054, 32.3385853]]","(118.83982212825019, 32.34875141286875)",118.83982212825019,32.34875141286875,staion_isochrone
南京_凤凰山公园地铁站_5,"[[118.8371416, 32.3419064], [118.8379796, 32.3417651], [118.84243288340937, 32.3432891802386], [118.8437889, 32.3429501], [118.8452801, 32.344056], [118.8468835, 32.3456559], [118.847725, 32.3486401], [118.8423352, 32.354887], [118.8352674, 32.3542049], [118.8334939, 32.3491611], [118.8331284, 32.3478502], [118.8340346, 32.3463707], [118.8360927, 32.3432734], [118.8371416, 32.3419064]]","(118.84013702866982, 32.34846196088619)",118.84013702866982,32.34846196088619,staion_isochrone
南京_刘村地铁站_10,"[[118.6572513, 31.9374721], [118.6624796, 31.9374032], [118.6662856, 31.9376947], [118.666476, 31.9378354], [118.66654310895277, 31.93884908933508], [118.6678361, 31.9389211], [118.6709359, 31.9499221], [118.670913, 31.9532171], [118.6707351, 31.9532975], [118.6635927, 31.9538162], [118.6523049, 31.9524014], [118.6517088, 31.9521118], [118.651282, 31.9511128], [118.650396, 31.9478607], [118.6504127, 31.940909], [118.6505171, 31.9407842], [118.6572513, 31.9374721]]","(118.66051777717139, 31.945886443491585)",118.66051777717139,31.945886443491585,staion_isochrone
南京_刘村地铁站_5,"[[118.6596894, 31.940441], [118.6639837, 31.9401877], [118.6642382, 31.9403432], [118.6644142, 31.9425357], [118.6666593, 31.9494685], [118.6601448, 31.9517779], [118.6567805, 31.9521609], [118.6538808, 31.9467992], [118.6533823, 31.9441623], [118.6533308, 31.9426389], [118.6534544, 31.9425354], [118.6596894, 31.940441]]","(118.65984025888551, 31.946062228921736)",118.65984025888551,31.946062228921736,staion_isochrone
南京_前庄地铁站_10,"[[118.8249762, 31.9105986], [118.8355705, 31.9034977], [118.8356937, 31.9035018], [118.8388535, 31.9037466], [118.8427591, 31.906291], [118.8504957, 31.9162707], [118.8504057, 31.9163982], [118.8357189, 31.9203333], [118.827595, 31.9147704], [118.8246099, 31.911511], [118.8246298, 31.9113235], [118.8249762, 31.9105986]]","(118.83729407291162, 31.91219119109295)",118.83729407291162,31.91219119109295,staion_isochrone
南京_前庄地铁站_5,"[[118.8314882, 31.9104746], [118.8387747, 31.9059684], [118.8466891, 31.9151422], [118.8344844, 31.9169799], [118.8343403, 31.9169785], [118.8313106, 31.913157], [118.8313779, 31.9118528], [118.8313889, 31.911687], [118.8314882, 31.9104746]]","(118.83804507168675, 31.912263594326884)",118.83804507168675,31.912263594326884,staion_isochrone
南京_化工园地铁站_10,"[[118.7739294, 32.2800561], [118.783227, 32.2835792], [118.7876891, 32.2870444], [118.7885371, 32.2963427], [118.788494, 32.2971187], [118.7822137, 32.2968292], [118.7691628, 32.2926671], [118.7717807, 32.2842398], [118.7739294, 32.2800561]]","(118.77927999388436, 32.28937082693128)",118.77927999388436,32.28937082693128,staion_isochrone
南京_化工园地铁站_5,"[[118.7769473, 32.2831481], [118.783227, 32.2835792], [118.7863683, 32.2879744], [118.7854423, 32.2945183], [118.7853176, 32.2946193], [118.7850345, 32.2945478], [118.7734532, 32.2913668], [118.7763703, 32.2834737], [118.7769473, 32.2831481]]","(118.78040980586604, 32.28867861557796)",118.78040980586604,32.28867861557796,staion_isochrone
南京_南京交院地铁站_10,"[[118.8942733, 31.9077032], [118.89590833829044, 31.907157425081465], [118.8978562, 31.9063299], [118.9003395, 31.9061051], [118.907041, 31.9066575], [118.9096349, 31.9097745], [118.91091922906718, 31.91308059763512], [118.9118605, 31.9148135], [118.9048086, 31.9215492], [118.9000262, 31.9237021], [118.8963301, 31.9237927], [118.8908577, 31.9178637], [118.8896393, 31.9144798], [118.8885471, 31.9099126], [118.8942733, 31.9077032]]","(118.90000086414794, 31.914301916646252)",118.90000086414794,31.914301916646252,staion_isochrone
南京_南京交院地铁站_5,"[[118.8943879, 31.9113186], [118.8986185, 31.9106509], [118.906042, 31.9122421], [118.9075117, 31.9148144], [118.9074752, 31.9149853], [118.9033352, 31.919488], [118.8964117, 31.9208148], [118.8950136, 31.920732], [118.8948304, 31.9206479], [118.8938839, 31.9178561], [118.8930297, 31.9151355], [118.8928258, 31.9144798], [118.8924518, 31.911885], [118.8943879, 31.9113186]]","(118.89941612978932, 31.915435917680608)",118.89941612978932,31.915435917680608,staion_isochrone
南京_南京南站地铁站_10,"[[118.7842419, 31.9654809], [118.7892139, 31.9614547], [118.7894615, 31.9614424], [118.79268, 31.9614394], [118.7982912, 31.9616524], [118.798553, 31.9617578], [118.79885807021103, 31.96224538960411], [118.8019164, 31.962761], [118.8028709, 31.967081], [118.8046806, 31.9720259], [118.804814, 31.9754836], [118.8048534, 31.9759445], [118.80379819486292, 31.975865357460762], [118.79911069822224, 31.977275585423705], [118.7960002, 31.9794431], [118.7947851, 31.9793271], [118.7873574, 31.9823408], [118.7871205, 31.9824162], [118.786982, 31.9823271], [118.786051, 31.9815398], [118.7827812, 31.9725263], [118.7819285, 31.9691125], [118.78312465591809, 31.968437761149538], [118.7829736, 31.9674251], [118.7842419, 31.9654809]]","(118.79315562904857, 31.970999944035054)",118.79315562904857,31.970999944035054,staion_isochrone
南京_南京南站地铁站_5,"[[118.7873304936877, 31.970072833601396], [118.7865962, 31.9664795], [118.7880458, 31.9644046], [118.7912659, 31.9636925], [118.7945132, 31.9632103], [118.7993697, 31.9654415], [118.79961567704106, 31.96857441260942], [118.8009411, 31.9702478], [118.8007907, 31.9728899], [118.8006968, 31.9730403], [118.7996075963114, 31.973597960450732], [118.7995227, 31.9749987], [118.7942902, 31.9764422], [118.78932787478534, 31.97894636713106], [118.788822, 31.9794659], [118.7885713, 31.9796161], [118.7884554, 31.9795794], [118.7879833, 31.9792962], [118.7879399, 31.9791596], [118.7865717, 31.9741631], [118.7865391, 31.9713187], [118.7865827, 31.9712367], [118.7866187, 31.9711737], [118.7873304936877, 31.970072833601396]]","(118.79305449146752, 31.970668622990374)",118.79305449146752,31.970668622990374,staion_isochrone
南京_南京工业大学地铁站_10,"[[118.6533252, 32.0632598], [118.6538282, 32.0631791], [118.6540455, 32.0636865], [118.6541658, 32.0667706], [118.6472005, 32.0724539], [118.6422665, 32.0759395], [118.6390662, 32.0765366], [118.6374738, 32.0765789], [118.6351611, 32.0761769], [118.6322356, 32.07196], [118.6326952, 32.0686365], [118.6349524, 32.0673031], [118.6378699, 32.065771], [118.6533252, 32.0632598]]","(118.64247306510447, 32.069715329904085)",118.64247306510447,32.069715329904085,staion_isochrone
南京_南京工业大学地铁站_5,"[[118.6439154, 32.0659465], [118.6473051, 32.0658244], [118.6485271, 32.0662102], [118.6487239, 32.0663831], [118.6508202, 32.0684355], [118.64560269710469, 32.07113131696996], [118.6414884, 32.0751631], [118.641118, 32.0753412], [118.6374988, 32.0742833], [118.635316, 32.0732131], [118.6352889, 32.0704701], [118.6363516, 32.0690496], [118.6439154, 32.0659465]]","(118.64214327329532, 32.0701623334841)",118.64214327329532,32.0701623334841,staion_isochrone
南京_南京林业大学·新庄地铁站_10,"[[118.8047677, 32.0713207], [118.8100738, 32.0678383], [118.8104771, 32.0676603], [118.8138019, 32.0733744], [118.8149284, 32.0771018], [118.815024, 32.081078], [118.8115062, 32.0872139], [118.8043366, 32.0888102], [118.7983782, 32.0875584], [118.7942459, 32.084927], [118.799235, 32.0765538], [118.8023128, 32.0732358], [118.8047677, 32.0713207]]","(118.80600771001498, 32.07974051200961)",118.80600771001498,32.07974051200961,staion_isochrone
南京_南京林业大学·新庄地铁站_5,"[[118.799235, 32.0765538], [118.8026653, 32.0743549], [118.8079072, 32.0721554], [118.8119846, 32.079261], [118.8117799, 32.0801668], [118.811742, 32.0802953], [118.810021, 32.0833228], [118.8096599, 32.0839392], [118.8042958, 32.0863059], [118.8041813, 32.0863007], [118.7975903, 32.0833205], [118.7981183, 32.0794517], [118.799235, 32.0765538]]","(118.80480934038425, 32.079645953303036)",118.80480934038425,32.079645953303036,staion_isochrone
南京_南京猿人洞地铁站_10,"[[119.0410063, 32.05768], [119.046989, 32.0565747], [119.0552534, 32.0589806], [119.0558266, 32.0610747], [119.0578027, 32.0688757], [119.0571079, 32.0691539], [119.0507457, 32.0701767], [119.0418354, 32.0707654], [119.0394273, 32.0659421], [119.0401345, 32.0593604], [119.0410063, 32.05768]]","(119.04802860139621, 32.06396941823448)",119.04802860139621,32.06396941823448,staion_isochrone
南京_南京猿人洞地铁站_5,"[[119.0437465, 32.0663362], [119.0488259, 32.0595484], [119.0517136, 32.0613905], [119.0532241, 32.0663849], [119.0529654, 32.0669422], [119.0474082, 32.0684869], [119.0472296, 32.0684983], [119.0448162, 32.067539], [119.0434751, 32.0668611], [119.0437465, 32.0663362]]","(119.04876494599435, 32.064676170264384)",119.04876494599435,32.064676170264384,staion_isochrone
南京_南京站地铁站_10,"[[118.78977545014833, 32.0856924243904], [118.7958974, 32.0833034], [118.7971256, 32.0829289], [118.799777, 32.0823482], [118.79910592887555, 32.08622894628456], [118.8004597, 32.0864151], [118.8004574, 32.0865694], [118.7992878, 32.0919396], [118.7957506, 32.0988927], [118.7900601, 32.0999629], [118.7833417, 32.0973884], [118.7810702, 32.096211], [118.7790483, 32.0949244], [118.7790148, 32.0948044], [118.77978817190446, 32.09305692586264], [118.7789061, 32.0924871], [118.7788353, 32.0923308], [118.7789133, 32.0915169], [118.78115539892757, 32.0899676051244], [118.7818728, 32.0883466], [118.7826977, 32.0865563], [118.78977545014833, 32.0856924243904]]","(118.79041559544225, 32.09161544311001)",118.79041559544225,32.09161544311001,staion_isochrone
南京_南京站地铁站_5,"[[118.7879732, 32.0879938], [118.7926514, 32.0853414], [118.7949444, 32.0844759], [118.7960894, 32.0843899], [118.7958731, 32.0852635], [118.79211609561006, 32.08775676662592], [118.7962494, 32.0883883], [118.7963806, 32.0886615], [118.7964226, 32.0897396], [118.7943769, 32.0948784], [118.7926336, 32.0974902], [118.7913314, 32.0973895], [118.788093, 32.0969635], [118.7846144, 32.0945371], [118.7834234, 32.0933816], [118.7833904, 32.0932586], [118.7846365, 32.0911931], [118.7841654, 32.0907174], [118.7879732, 32.0879938]]","(118.79043498111331, 32.091662004898815)",118.79043498111331,32.091662004898815,staion_isochrone
南京_南医大·江苏经贸学院地铁站_10,"[[118.8823581, 31.9271246], [118.8894112, 31.9268642], [118.8923183, 31.9278912], [118.8950668, 31.9316844], [118.8951414, 31.9322085], [118.8932234, 31.9375391], [118.8924975, 31.9383741], [118.886616, 31.9444788], [118.8834686, 31.9456817], [118.87856, 31.9445583], [118.8768562, 31.9440802], [118.8752063, 31.9426999], [118.8753766, 31.9410357], [118.8764908, 31.9337852], [118.8769372, 31.9325295], [118.8779783, 31.9309958], [118.8801918, 31.928723], [118.8803313, 31.928599], [118.8804077, 31.9285312], [118.8823581, 31.9271246]]","(118.88470050187804, 31.93584676801021)",118.88470050187804,31.93584676801021,staion_isochrone
南京_南医大·江苏经贸学院地铁站_5,"[[118.8832216, 31.9298736], [118.8854066, 31.9293139], [118.8884977, 31.9308198], [118.8898997, 31.9316868], [118.8906872, 31.9323061], [118.8906414, 31.9343451], [118.8894255, 31.9392897], [118.8869391, 31.9418044], [118.886311, 31.9420412], [118.8853727, 31.9420388], [118.8796705, 31.9406035], [118.8795259, 31.9404782], [118.8779953, 31.9382838], [118.8778946, 31.9376121], [118.8778305, 31.9368167], [118.8778305, 31.9358452], [118.8793096, 31.9333394], [118.8832216, 31.9298736]]","(118.88447684024719, 31.935874586545417)",118.88447684024719,31.935874586545417,staion_isochrone
南京_南大仙林校区地铁站_10,"[[118.9426373, 32.1099486], [118.9429342, 32.1093057], [118.9454417, 32.106158], [118.9498866, 32.103655], [118.9538971, 32.1041113], [118.9572089, 32.10484], [118.9577597, 32.1050761], [118.9584087856533, 32.1057016492461], [118.9598487, 32.1065794], [118.9653728, 32.1154722], [118.9652695, 32.1162357], [118.9630428, 32.1174579], [118.9600658, 32.1182712], [118.9542776, 32.1194292], [118.95100668891753, 32.11835369493618], [118.9475531, 32.1186393], [118.9470087, 32.1185038], [118.9453826, 32.1167821], [118.9426373, 32.1099486]]","(118.95345639697518, 32.1118961687172)",118.95345639697518,32.1118961687172,staion_isochrone
南京_南大仙林校区地铁站_5,"[[118.9507843, 32.1069631], [118.9524169, 32.1057119], [118.9535468, 32.1052126], [118.9545745, 32.1054533], [118.9548825, 32.1055265], [118.957864, 32.1076773], [118.9598798, 32.1094142], [118.9620074, 32.1125342], [118.9618679, 32.1131171], [118.9616942, 32.1132975], [118.9582642, 32.1158957], [118.9561454, 32.116966], [118.9556052, 32.1169097], [118.954022, 32.1162843], [118.9524691, 32.115588], [118.95123671369058, 32.11486988059925], [118.9488214, 32.1150694], [118.948742, 32.1149382], [118.9469088, 32.1118022], [118.9465083, 32.1104211], [118.9507843, 32.1069631]]","(118.954222524414, 32.111341450320886)",118.954222524414,32.111341450320886,staion_isochrone
南京_卡子门地铁站_10,"[[118.793464, 32.00756], [118.7911651, 32.0092412], [118.7907952, 32.0094867], [118.7891252568153, 32.00854377761037], [118.7870069, 32.0084901], [118.7858256, 32.0081877], [118.782902, 32.004205], [118.78169392396711, 31.999984262952328], [118.7802693, 31.997981], [118.779645, 31.9955035], [118.7799404, 31.9944718], [118.78814915592072, 31.990588974970628], [118.7951597, 31.9867349], [118.7985268, 31.9918191], [118.8008016, 31.9969628], [118.7969492, 32.0039631], [118.79498688530974, 32.00536059962326], [118.793464, 32.00756]]","(118.79049921471837, 31.998246318930352)",118.79049921471837,31.998246318930352,staion_isochrone
南京_卡子门地铁站_5,"[[118.7876897, 32.0054004], [118.786129295427, 31.998748501676904], [118.7839275, 31.9955604], [118.7883456487702, 31.993941571948373], [118.7919852, 31.9910663], [118.7926306, 31.9913049], [118.7931627, 31.9915107], [118.7995966, 31.9943522], [118.7970922, 31.9986871], [118.7913092, 32.0053261], [118.7907505, 32.0054398], [118.79068088314663, 32.00533899789811], [118.7876897, 32.0054004]]","(118.79156694453798, 31.99789058003708)",118.79156694453798,31.99789058003708,staion_isochrone
南京_卧龙湖地铁站_10,"[[119.0326573, 31.6950495], [119.030381, 31.6839874], [119.0383757, 31.6786596], [119.0503055, 31.6896639], [119.0502652, 31.6898296], [119.0443036, 31.6953451], [119.0371833, 31.6982151], [119.0326573, 31.6950495]]","(119.03912322426376, 31.68884741135308)",119.03912322426376,31.68884741135308,staion_isochrone
南京_卧龙湖地铁站_5,"[[119.03758, 31.6921234], [119.0377491, 31.6892893], [119.0382291, 31.6814069], [119.0422722, 31.6893347], [119.0420929, 31.6923543], [119.0374024, 31.6951541], [119.03758, 31.6921234]]","(119.0395312454729, 31.689289232487006)",119.0395312454729,31.689289232487006,staion_isochrone
南京_卸甲甸地铁站_10,"[[118.72077, 32.2074408], [118.7222276, 32.2070246], [118.7240082, 32.2078775], [118.7344955, 32.2144941], [118.7354909, 32.2160564], [118.7355489, 32.2162851], [118.733304, 32.2231853], [118.7317746, 32.2269671], [118.7253561, 32.2254488], [118.7173713, 32.2213063], [118.7173177, 32.2205348], [118.71881, 32.2097218], [118.7189256, 32.2088455], [118.72077, 32.2074408]]","(118.72593138902153, 32.21728952666958)",118.72593138902153,32.21728952666958,staion_isochrone
南京_卸甲甸地铁站_5,"[[118.7193251, 32.2208682], [118.72266778255508, 32.21031539176661], [118.7225672, 32.2100231], [118.7230205, 32.2096404], [118.7243697, 32.2099735], [118.7282778, 32.2124389], [118.730407, 32.2153764], [118.7315193, 32.2170737], [118.7292874, 32.2240832], [118.7288839, 32.2243327], [118.7285244, 32.2238498], [118.7260299, 32.2233759], [118.7206224, 32.222028], [118.7193251, 32.2208682]]","(118.7254774182133, 32.21746772649948)",118.7254774182133,32.21746772649948,staion_isochrone
南京_双垅地铁站_10,"[[118.5599885, 31.9457042], [118.5601926, 31.9456471], [118.5687625, 31.9531178], [118.5693665, 31.953721], [118.570327, 31.9582383], [118.5701556, 31.958941], [118.5694696, 31.9599069], [118.5692503, 31.9600494], [118.5674609, 31.9601533], [118.5599717, 31.9594017], [118.5524007, 31.9563788], [118.5523304, 31.9562944], [118.5595236, 31.9458343], [118.5599885, 31.9457042]]","(118.56186040892892, 31.954220218526274)",118.56186040892892,31.954220218526274,staion_isochrone
南京_双垅地铁站_5,"[[118.5599885, 31.9457042], [118.5601926, 31.9456471], [118.565611, 31.9476631], [118.5657071, 31.9478687], [118.5662342, 31.9548426], [118.5654228, 31.9562367], [118.5641146, 31.9563552], [118.560296, 31.9533194], [118.5595236, 31.9458343], [118.5599885, 31.9457042]]","(118.56300405600297, 31.950922471408454)",118.56300405600297,31.950922471408454,staion_isochrone
南京_双龙大道地铁站_10,"[[118.8145874, 31.9541103], [118.8149128, 31.9539591], [118.8151895, 31.953981], [118.8153347, 31.9541517], [118.8183453, 31.9642329], [118.8179281, 31.9705983], [118.8165517, 31.973004], [118.8050502, 31.9759286], [118.8048534, 31.9759445], [118.8047005, 31.9755939], [118.8019364, 31.9686833], [118.8013038, 31.9663269], [118.80148, 31.9622054], [118.8080166475343, 31.958543119454596], [118.813316, 31.954879], [118.8145874, 31.9541103]]","(118.8102597310598, 31.965832955572136)",118.8102597310598,31.965832955572136,staion_isochrone
南京_双龙大道地铁站_5,"[[118.807603, 31.9612139], [118.8141533, 31.9583203], [118.8170986, 31.9669488], [118.8171018, 31.9670342], [118.8076726, 31.9725003], [118.8046451, 31.9648658], [118.8047408, 31.9647259], [118.807603, 31.9612139]]","(118.81080663097771, 31.96529125484949)",118.81080663097771,31.96529125484949,staion_isochrone
南京_古泉地铁站_10,"[[118.9940871, 32.052254], [119.0048337, 32.0514428], [119.0145736, 32.051942], [119.0175617, 32.0529728], [119.003469, 32.0590366], [118.9933175, 32.0543919], [118.9940871, 32.052254]]","(119.00442989438129, 32.05438686186018)",119.00442989438129,32.05438686186018,staion_isochrone
南京_古泉地铁站_5,"[[118.9971795, 32.0535871], [119.0048337, 32.0514428], [119.0062505, 32.0576727], [119.0053251, 32.0575317], [118.9971795, 32.0535871]]","(119.00276226600553, 32.054329601921744)",119.00276226600553,32.054329601921744,staion_isochrone
南京_吉印大道地铁站_10,"[[118.7798431, 31.8798917], [118.7798727, 31.8794984], [118.7804426, 31.8793884], [118.79339621030384, 31.880920917931306], [118.7977781, 31.8809434], [118.7986493, 31.8851624], [118.7991491, 31.8943159], [118.7990657, 31.8946334], [118.7988948, 31.89493], [118.79652882700648, 31.89565822569221], [118.7911961, 31.8983901], [118.785206, 31.8982487], [118.7806497, 31.8896512], [118.7798431, 31.8798917]]","(118.78959601025922, 31.88855490651034)",118.78959601025922,31.88855490651034,staion_isochrone
南京_吉印大道地铁站_5,"[[118.7841783, 31.8861699], [118.7858108, 31.8844436], [118.7932173, 31.88092], [118.793451, 31.8809274], [118.7946795, 31.8854389], [118.7947094, 31.8942778], [118.7860973, 31.8946439], [118.7841783, 31.8861699]]","(118.7900394953091, 31.888493942584883)",118.7900394953091,31.888493942584883,staion_isochrone
南京_吉祥庵地铁站_10,"[[118.80883055393326, 32.12219765580273], [118.8107065, 32.119105], [118.812372, 32.1177523], [118.8149213, 32.1188021], [118.8214354, 32.1225479], [118.8253139, 32.1292416], [118.825327, 32.1304772], [118.8224272, 32.1377195], [118.8189196, 32.1397045], [118.8151446, 32.1403379], [118.8091022, 32.1340841], [118.8034593, 32.1290417], [118.80883055393326, 32.12219765580273]]","(118.81530952464168, 32.12924956764962)",118.81530952464168,32.12924956764962,staion_isochrone
南京_吉祥庵地铁站_5,"[[118.8222864, 32.1299535], [118.820672, 32.1328556], [118.8175588, 32.136524], [118.8170567, 32.1367381], [118.8095766, 32.1287359], [118.8135212, 32.1209227], [118.8191959, 32.124601], [118.8222672, 32.1292416], [118.8222864, 32.1299535]]","(118.81605719396427, 32.128792405183304)",118.81605719396427,32.128792405183304,staion_isochrone
南京_吴侯街地铁站_10,"[[118.6855079, 31.9863161], [118.68256566192547, 31.985348426581893], [118.6815621, 31.9852395], [118.6810104, 31.9850894], [118.6781455, 31.9812544], [118.6749342, 31.976023], [118.6747964, 31.9757077], [118.67545281861173, 31.975162465765145], [118.6793073, 31.9705391], [118.6828871, 31.9696513], [118.6924082, 31.9683938], [118.6945914, 31.9701072], [118.6960477, 31.9712742], [118.6998685, 31.9767481], [118.6945408, 31.9840937], [118.6868703, 31.9864736], [118.6856429, 31.9863538], [118.6855079, 31.9863161]]","(118.68738237620077, 31.977184241018268)",118.68738237620077,31.977184241018268,staion_isochrone
南京_吴侯街地铁站_5,"[[118.6794815, 31.9762376], [118.6818024, 31.9734398], [118.6836688, 31.9725194], [118.6901887, 31.9729394], [118.6927001, 31.9731101], [118.69286, 31.9731496], [118.6962006, 31.9760179], [118.6971521, 31.9776072], [118.6973471, 31.9794609], [118.6973716, 31.9796969], [118.6973622, 31.9799659], [118.6881707, 31.9822396], [118.6829691, 31.982569], [118.6826875, 31.9822286], [118.6794143, 31.9767458], [118.6794815, 31.9762376]]","(118.68810609543779, 31.97744980490175)",118.68810609543779,31.97744980490175,staion_isochrone
南京_嘉陵江东街地铁站_10,"[[118.7179088, 31.9790962], [118.7260177, 31.9778251], [118.7310572, 31.9786913], [118.7311737, 31.9787694], [118.7324126, 31.979776], [118.7329885, 31.9825737], [118.7328409, 31.9862447], [118.7324985, 31.9876528], [118.7301648, 31.9925003], [118.7300637, 31.992567], [118.724069, 31.9930879], [118.7154371, 31.9908722], [118.7134268, 31.9885826], [118.7123221, 31.9853354], [118.7130582, 31.9807895], [118.7179088, 31.9790962]]","(118.72317583495746, 31.985301862218073)",118.72317583495746,31.985301862218073,staion_isochrone
南京_嘉陵江东街地铁站_5,"[[118.7179088, 31.9790962], [118.7270358, 31.9782463], [118.7271613, 31.978781], [118.72730920400566, 31.980506039160066], [118.7290273, 31.9821247], [118.7287793, 31.989594], [118.7281933, 31.9903841], [118.7280925, 31.9904517], [118.7196348, 31.9881318], [118.7154621, 31.9871403], [118.7151407, 31.9869814], [118.7163179, 31.9807811], [118.7178111, 31.9791689], [118.7179088, 31.9790962]]","(118.72268425781509, 31.984065681222308)",118.72268425781509,31.984065681222308,staion_isochrone
南京_团结圩地铁站_10,"[[118.88248, 31.3984188], [118.8795258, 31.390618], [118.8895774, 31.3938498], [118.8833972, 31.3980857], [118.88248, 31.3984188]]","(118.88389441089255, 31.394359852358892)",118.88389441089255,31.394359852358892,staion_isochrone
南京_团结圩地铁站_5,"[[118.88248, 31.3984188], [118.8797444, 31.3910928], [118.8884736, 31.3941524], [118.8885192, 31.3942437], [118.8833972, 31.3980857], [118.88248, 31.3984188]]","(118.88364186068443, 31.394641896011684)",118.88364186068443,31.394641896011684,staion_isochrone
南京_大厂地铁站_10,"[[118.728639, 32.2232255], [118.7303434, 32.2227859], [118.7390458, 32.2268635], [118.7404601, 32.2281773], [118.7425963, 32.2308569], [118.7442686, 32.2332823], [118.74407769009754, 32.235046466351406], [118.7437521, 32.2405176], [118.7389172, 32.2402578], [118.7353124, 32.2398019], [118.7292699, 32.2344848], [118.7277342, 32.2275742], [118.7282378, 32.2234505], [118.728639, 32.2232255]]","(118.73586028654776, 32.23218507424881)",118.73586028654776,32.23218507424881,staion_isochrone
南京_大厂地铁站_5,"[[118.7296575, 32.2297309], [118.7309765, 32.226241], [118.7353854, 32.2284857], [118.7398795, 32.2317216], [118.7405214, 32.2323355], [118.7408519, 32.2347417], [118.7399355, 32.2355861], [118.7352129, 32.2360901], [118.7292699, 32.2344848], [118.7296575, 32.2297309]]","(118.73447841193449, 32.232022850442966)",118.73447841193449,32.232022850442966,staion_isochrone
